ID,Topic,Description
1,Indus Valley,"The Indus Valley Civilization, one of the world's earliest urban civilizations, flourished in the northwestern regions of South Asia between 2600 BCE and 1900 BCE."
2,Vedic Period,"The Vedic Period is characterized by the composition of the Vedas, the oldest scriptures of Hinduism, around 1500 BCE to 500 BCE."
3,Maurya Empire,"The Maurya Empire, founded by Chandragupta Maurya in 322 BCE, was one of the largest empires in Indian history and included a well-organized administrative system."
4,Gupta Empire,"The Gupta Empire, existing from approximately 320 to 550 CE, is known as a golden age of Indian culture, science, and political administration."
5,Delhi Sultanate,The Delhi Sultanate was a series of Muslim dynasties that ruled northern India from 1206 to 1526 CE.
6,Vijayanagara Empire,"The Vijayanagara Empire, based in South India from 1336 to 1646 CE, was known for its contributions to art, architecture, and culture."
7,Mughal Empire,"The Mughal Empire, established in 1526, ruled most of India and Pakistan in the 16th and 17th centuries, marking a period of significant cultural and economic development."
8,British Colonial,"British rule in India lasted from 1858 to 1947, characterized by economic exploitation, cultural changes, and significant infrastructural development."
9,Independence,"The Indian independence movement, led by figures such as Mahatma Gandhi and Jawaharlal Nehru, culminated in India gaining independence from British rule on August 15, 1947."
10,Post-Independence,"Since gaining independence, India has become the world's largest democracy and has made significant advancements in technology, economy, and social reforms."
11,Ramayana Overview,"The Ramayana is an ancient Indian epic, traditionally attributed to the sage Valmiki, which narrates the life of Prince Rama, his wife Sita, and his loyal companion Hanuman."
12,Birth of Rama,Rama was born as the eldest son of King Dasharatha of Ayodhya and Queen Kaushalya. He is considered an avatar of the Hindu god Vishnu.
13,Sita's Swayamvara,"Sita, the princess of Mithila, was won by Rama in a swayamvara, where he broke the bow of Lord Shiva to win her hand in marriage."
14,Exile to Forest,"Rama, along with his wife Sita and brother Lakshmana, was exiled to the forest for 14 years due to a promise made by his father to his stepmother Kaikeyi."
15,Abduction of Sita,"Sita was abducted by Ravana, the demon king of Lanka, which led to Rama and Lakshmana embarking on a quest to rescue her."
16,Alliance with Hanuman,"Rama formed an alliance with Hanuman and the Vanara (monkey) army, who played a crucial role in locating Sita and fighting against Ravana."
17,Battle with Ravana,"The epic culminates in a great battle between Rama and Ravana, where Rama ultimately defeats Ravana and rescues Sita."
18,Return to Ayodhya,"After defeating Ravana, Rama, Sita, and Lakshmana returned to Ayodhya, where Rama was crowned king and ushered in a period known as Rama Rajya, marked by peace and prosperity."
19,Rama Rajya,"The rule of Rama in Ayodhya, known as Rama Rajya, is often depicted as an ideal period of governance characterized by justice, peace, and prosperity."
20,Cultural Significance,"The Ramayana has had a profound influence on Indian culture, art, literature, and religion. It is celebrated in festivals like Diwali and in various forms of classical dance and drama."
